# depth_um,force_N,num_contacts,converged,uzawa_iter,max_displacement
-5.000000e-02,0.000000e+00,0,1,1,0.000000e+00
-1.500000e-01,0.000000e+00,0,1,1,0.000000e+00
-2.500000e-01,0.000000e+00,0,1,1,0.000000e+00
-3.500000e-01,0.000000e+00,0,1,1,0.000000e+00
